<?xml version="1.0" encoding="UTF-8"?>                                                                                                             
<AdvancedShipmentNotice  systemEnvironmentCode="Production" versionID="1.0" releaseID="1.0">                                                                                                     
	<ApplicationArea>                                                                                          
		<Sender>                                                                           
			<LogicalID/>                                                
			<ComponentID/>                                                            
			<TaskID/>                                                         
			<ReferenceID/>                                                  
		</Sender>                                                                         
		<Receiver>                                                                        
			<LogicalID/>                                                
			<ComponentID/>                                                            
			<ReferenceID/>                                                  
		</Receiver>                                                                      
		<CreationDateTime/>                                                                           
		<BODID/>                                                                         
		<DocumentCount/>                                                                  
	</ApplicationArea>                                                                                        
	<DataArea>                                                                                       
		<Shipment>                                                                      
			<ShipmentHeader>                                                        
				<ShipmentNumber/>                                            
				<ShipmentDate/>                                          
				<EDINumber/>                                     
				<OrderNumber/>                                           
				<OrderType/>                                         
				<SupplierReference/>                                          
				<Reference/>                                           
				<PickListNumber/>                                     
				<PackListNumber/>                                   
				<ScheduledDeliveryDateTime/>                                   
				<Party role="BillTo">                                      
					<PartyIDs>                          
						<ID/>           
						<ParentID/> 
						<EANCode/>              
						<TaxID/>             
					</PartyIDs>                        
					<Name/>                            
					<LineOfBusiness/>                       
					<AccountNumber/>                  
					<Location type="PostalAddress">                             
						<ID/>           
						<Name>              
						</Name>            
						<Address languageCode="en-us">           
							<AddressLine sequence="1"/>
							<AddressLine sequence="2"/>
							<AddressLine sequence="3" />
							<AddressLine sequence="4" />
							<AddressLine sequence="5" />
							<AddressLine sequence="6" />
							<CitySubDivisionName />
							<CityName/>
							<CountrySubDivisionCode/>
							<CountryCode/>
							<PostalCode/>
						</Address>        
					</Location>                        
					<Contact type="Primary">                           
						<Name />            
						<JobTitle />        
						<Responsibility />            
						<DepartmentName />   
						<Communication type="">          
							<ChannelCode />
							<CountryDialing />
							<AreaDialing />
							<DialNumber />
							<Extension />
							<FaxNumber/>
							<CellNumber/>
						</Communication>         
						<EmailAddress/>              
					</Contact>                         
					<AccountCurrency/>                               
					<AccountCategory/>                               
					<AccountArea/>                
					<DefaultWarehouse type="Source">                       
						<ID/>                           
						<Description/>                      
						<Zone/>                
						<Location type="PostalAddress">                             
							<Address languageCode="en-us">                           
								<AddressLine sequence="1"/>
								<AddressLine sequence="1"/>  
								<AddressLine sequence="2"/>
								<AddressLine sequence="3" />
								<AddressLine sequence="4" />
								<AddressLine sequence="5" />
								<AddressLine sequence="6" />
								<CitySubDivisionName/>                              
								<CityName/>                            
								<CountrySubDivisionCode/>                 
								<CountryCode/>                
								<PostalCode/>                       
							</Address>                        
							<ID/>                           
							<Name/>                            
						</Location>                        
					</DefaultWarehouse>                   
					<PaymentMethod/>                
				</Party>                                              
				<TotalGrossValue currencyID=""/>                                     
				<TotalNettValue currencyID=""/>                                          
				<TotalLineCount/>                                       
			</ShipmentHeader>                                                       
			<ShipmentItemLine>                                                      
				<LineNumber/>                                  
				<DeliveryNumber/>                                  
				<Item>                                
					<ItemID/>                        
					<CustomerItemID/>                  
					<ManufacturerItemID/>                 
					<SupplierItemID/>                        
					<Description/>                      
					<PharmaceuticalScheduleCode/>                             
					<ItemGroup/>                        
				</Item>                                              
				<Quantity unitCode="ea"/>                                  
				<StorageConditions/>                                          
				<DeliveryPosition/>                                   
				<DeliverySequence/>                                            
				<Lot sequence="1">                                       
					<LotID/>                              
					<ExpiryDate/>                        
					<DateOfManufacture/>                   
					<ShippedQuantity unitCode=""/>                       

					<RecievedQuantity unitCode=""/>                   

					<ReturnedQuantity unitCode=""/>                  

					<BonusQuantity unitCode=""/>                              

					<Quarantine/>                      
					<QuarantineReasonCode/>                     
				</Lot>                                 
				<UnitPrice currencyID=""/>                                  

				<GrossValue currencyID=""/>                                         

				<NettValue currencyID=""/>                                              

				<Warehouse type = "Destination">                                                          
					<ID/>                                           
					<Description/>                                      
					<Zone/>                                
					<Location type="">                                         
						<ID/>                           
						<Name/>                            
						<Address languageCode="en-us">                           
							<AddressLine sequence="1"/>      
							<AddressLine sequence="2"/>      
							<AddressLine sequence="3"/>      
							<AddressLine sequence="4" />  
							<AddressLine sequence="5" />  
							<AddressLine sequence="6" />  
							<CitySubDivisionName/>              
							<CityName/>            
							<CountrySubDivisionCode/> 
							<CountryCode/> 
							<PostalCode/>       
						</Address>                        
					</Location>                                        
				</Warehouse>                                                 
				<Warehouse type = "Source">                                                   
					<ID/>                                           
					<Description/>                                      
					<Location type="">                                         
						<ID/>                           
						<Name/>                            
						<Address>                          
							<AddressLine sequence="1"/>      
							<AddressLine sequence="2"/>      
							<AddressLine sequence="3"/>      
							<AddressLine sequence="4" />  
							<AddressLine sequence="5" />  
							<AddressLine sequence="6" />  
							<CitySubDivisionName/>              
							<CityName/>            
							<CountrySubDivisionCode/> 
							<CountryCode/> 
							<PostalCode/>       
						</Address>                        
					</Location>                                        
				</Warehouse>                                                 
				<ETA/>                                    
				<portOfLoading/>                                          
				<portOfDischarge/>                                  
				<WayBillNumber/>                                     
				<PackSlipNumber/>                                  
				<SoldPrice currencyID=""/> `                               
				<noOfPackages/>                                           
				<physicalDimension>                                     
					<GrossWeightDimension unitCode=""/>                            

					<CubeDimension unitCode=""/>                           

					<NetWeightDimension unitCode=""/>                    

					<NetNetWeightDimension unitCode=""/>                     

				</physicalDimension>                                   
			</ShipmentItemLine>                                                    
		</Shipment>                                                                    
	</DataArea>                                                                                     
</AdvancedShipmentNotice>                                                                                                    
