﻿Sales organization,Distribution channel,Sales Document Type,Sales Document Number,Customer PO Reference,Requested delivery date (customer),Created on Date,Sold to Party,Name 1,City,Postal code,Country Key,Ship to Party,Name 1,City,Postal code,Country Key,Item number,Material Code,Quantity,Plant,Planned Delivery Date,Confirmed Quantity,Delivered Quantity ,Actual GI Date,Invoice Creation Date,Mode of Transport ,Order Status ,Record Type
M080,BS,00,1200000007,1234,18.11.2016,18.11.2016,17,Albasher,Dubai,500,AE,17,Albasher,Dubai,500,AE,10,9,1,EBIE,08.12.2016,1,-,-,-,-,Open,Created
M080,BS,00,1200000008,678,18.11.2016,18.11.2016,17,Albasher,Dubai,500,AE,17,Albasher,Dubai,500,AE,10,9,1,EBIE,08.12.2016,3,-,-,-,-,Open,Created
E093,BS,00,1200000009,Test,18.11.2016,18.11.2016,2,Babu,Dublin,500072,IE,2,Babu,Dublin,500072,IE,10,9,1,EBIE,21.11.2016,1,-,-,-,-,Open,Created
E093,BS,00,1200000023,Test,18.11.2016,18.11.2016,2,Babu,Dublin,500072,IE,2,Babu,Dublin,500072,IE,10,9,2,EBIE,21.11.2016,2,-,-,-,-,Open,Changed
E093,MW,00,1100000052,SO1,18.11.2016,18.11.2016,10000030,Test1 Sales,Dublin,50072,IE,10000030,Test Sales1,Dublin,50072,IE,10,20,1,EBIE,08.12.2016,1,-,-,-,-,Cancelled ,Changed
E093,MW,00,1100000054,SO2,18.11.2016,18.11.2016,10000030,Test1 Sales,Dublin,50072,IE,10000030,Test Sales1,Dublin,50072,IE,10,20,1,EBIE,08.12.2016,1,-,-,-,-,Cancelled ,Changed
E093,MW,00,1100000055,SO3,18.11.2016,18.11.2016,10000030,Test1 Sales,Dublin,50072,IE,10000030,Test Sales1,Dublin,50072,IE,10,20,1,EBIE,08.12.2016,1,-,-,-,-,Cancelled ,Changed
A080,MW,00,1600000002,PTSK_PP3,21.11.2016,18.11.2016,10000030,Test1 Sales,Dublin,50072,IE,10000030,Test Sales1,Dublin,50072,IE,10,15,1,EBIE,22.11.2016,1,1,21.11.2016,21.11.2016,Road,Closed,Created
M080,MW,00,1200000102,test EKH2,29.11.2016,18.11.2016,10000031,Test2 Sales,Dublin,50072,IE,10000031,Test2 Sales,Dublin,50072,IE,10,BEST124,10,EBIE,30.11.2016,10,10,29.11.2016,29.11.2016,Ship,Closed,Created
